graphname,runtime
p3000_5.zip,1200
p3000_4.zip,1200
p3000_2.zip,1200
imgseg_43083.zip,1200
imgseg_41025.zip,1200
imgseg_293029.zip,1200
imgseg_28096.zip,1200
imgseg_231015.zip,1200
p3000_3.zip,1200
imgseg_43070.zip,1200
imgseg_22090.zip,1200
imgseg_42044.zip,1200
imgseg_164074.zip,1200
imgseg_292066.zip,1200
imgseg_285036.zip,1200
imgseg_225017.zip,1200
imgseg_22093.zip,1200
imgseg_159091.zip,1200
imgseg_163062.zip,1200
imgseg_163014.zip,1200
imgseg_103041.zip,1200
imgseg_105019.zip,1200
imgseg_100080.zip,719.2127837211617
imgseg_100098.zip,1200
gka.5d.zip,120
gka.5a.zip,120
gka.2b.zip,120
gka.1e.zip,120
gka.5c.zip,120
g003259.zip,295.0005609659869
gka.5b.zip,120
g003256.zip,461.9687545348075
g003237.zip,120
gka.2a.zip,120
g003234.zip,1200
gka.1f.zip,295.59115248257154
g003258.zip,120
g003257.zip,120
g003236.zip,120
g003216.zip,944.001030633451
g003213.zip,1200
g003235.zip,375.24053909263966
g003215.zip,1200
g003196.zip,188.79981199422943
g003214.zip,389.98850249911607
g003193.zip,737.5008626569484
g003176.zip,1200
g003195.zip,377.6006886094642
g003194.zip,120
g003175.zip,580.5623820122305
g003174.zip,319.1902301850746
g003155.zip,590.0027854071138
g003154.zip,423.03175955480185
g003133.zip,465.5117126861877
g003132.zip,404.74096015536395
g003113.zip,867.3020123354008
g003112.zip,435.41833469564665
g003093.zip,412.99986162709695
g003092.zip,331.5793866128173
g003073.zip,1200
g003072.zip,529.8199638121296
p6000_1.zip,1200
g003053.zip,560.4988876358382
g003052.zip,120
g003033.zip,590.5871773909691
g003032.zip,120
g003013.zip,152.22006318324446
g003012.zip,320.3702178728392
g002992.zip,120
g002991.zip,120
g002972.zip,120
g002971.zip,120
g002952.zip,377.6006886094642
g002951.zip,120
g002931.zip,461.9687545348075
g002930.zip,590.0027854071138
g003173.zip,1200
g003156.zip,139.23974866846083
g003153.zip,1200
g003134.zip,1200
g003131.zip,1200
p7000_1.zip,1200
p5000_1.zip,1200
imgseg_80099.zip,675.5500567540795
imgseg_61060.zip,1200
imgseg_368078.zip,1200
imgseg_35058.zip,751.6623781567012
imgseg_26031.zip,1200
imgseg_249061.zip,1200
imgseg_198054.zip,1200
imgseg_183055.zip,1200
imgseg_138032.zip,1200
imgseg_118020.zip,1200
gka.8a.zip,120
gka.6d.zip,120
gka.4a.zip,120
gka.3b.zip,120
gka.10b.zip,120
g003114.zip,1200
g003265.zip,406.509483320566
g003111.zip,1200
g003249.zip,604.1589091300192
g003244.zip,120
g003228.zip,188.79981199422943
g003223.zip,147.4998646153808
g003207.zip,377.6006886094642
g003202.zip,120
g003094.zip,1200
g003091.zip,1200
g003074.zip,120
g003071.zip,844.2910304089131
g003187.zip,130.389647749576
g003054.zip,1200
g003051.zip,120
g003182.zip,120
g003167.zip,120
g003034.zip,398.24892836145676
g003031.zip,604.1589091300192
g003014.zip,590.0027854071138
g003162.zip,120
g003011.zip,1200
g002993.zip,120
g003145.zip,590.0027854071138
g003140.zip,1200
g002990.zip,1061.9979355969265
g002973.zip,1179.9970977439123
g002970.zip,1179.9970977439123
g002953.zip,120
g002950.zip,558.1385661112266
g002932.zip,523.919086812338
g002929.zip,120
g002911.zip,1179.9970977439123
g002908.zip,147.4998646153808
g002891.zip,1200
g002888.zip,120
g002871.zip,590.0027854071138
g002868.zip,120
g002849.zip,120
g002846.zip,351.63976543321877
g002829.zip,294.4111494520392
g002826.zip,1200
g002808.zip,147.4998646153808
g002805.zip,274.350711778032
g002787.zip,1179.9970977439123
g002784.zip,120
g002767.zip,665.5190469374394
g002764.zip,120
g002746.zip,237.17950462185797
g002743.zip,120
g002726.zip,120
g003125.zip,1200
g002722.zip,120
g003120.zip,709.1785000184055
g002705.zip,377.6006886094642
g003105.zip,188.79981199422943
g002702.zip,120
g002684.zip,120
g003100.zip,120
g002681.zip,1200
g002664.zip,120
g002661.zip,1200
g002643.zip,147.4998646153808
g002640.zip,1019.520051624415
g002623.zip,1179.9970977439123
g002620.zip,1200
g003085.zip,1200
g002601.zip,120
g003080.zip,588.8180708454443
g003065.zip,438.95954574990117
g003060.zip,737.5008626569484
g003045.zip,311.5211577019765
g003040.zip,120
g003025.zip,311.5211577019765
g002598.zip,581.1490462336232
g003020.zip,324.50055871597635
g002581.zip,120
g003005.zip,120
g002578.zip,393.52998193082504
g002560.zip,377.6006886094642
g002557.zip,120
g002999.zip,258.4202815806723
g002540.zip,377.6006886094642
g002984.zip,292.05065344254496
g002537.zip,133.3393333986997
g002979.zip,708.0022402740717
g002520.zip,120
g002517.zip,696.2001967045774
g002499.zip,826.002052114182
g002495.zip,295.0005609659869
g002477.zip,136.290312033342
g002473.zip,415.95091392124095
g002964.zip,590.0027854071138
g002455.zip,120
g002959.zip,1200
g002944.zip,1014.8004365594439
g002451.zip,1200
g002938.zip,590.0027854071138
g002923.zip,120
g002918.zip,120
g002902.zip,120
g002897.zip,120
g002882.zip,590.0027854071138
g002434.zip,420.66940247474264
g002431.zip,120
g002877.zip,1200
g002414.zip,120
g002861.zip,377.6006886094642
g002410.zip,590.0027854071138
g002393.zip,120
g002390.zip,484.9798084056916
g002855.zip,1127.487807890666
g002373.zip,120
p5000_4.zip,1200
p5000_5.zip,1200
g002910.zip,1200
g002909.zip,120
g002890.zip,895.6209332763137
g002889.zip,188.79981199422943
g002870.zip,590.0027854071138
g002869.zip,120
g002848.zip,176.99956198639438
g002847.zip,295.0005609659869
g002828.zip,1200
g002827.zip,120
g002807.zip,120
g002806.zip,120
g002786.zip,538.0800053408038
g002785.zip,120
g002766.zip,120
g002765.zip,372.8802259105881
p4000_3.zip,1200
imgseg_95006.zip,1200
imgseg_54005.zip,1200
imgseg_374067.zip,1200
imgseg_33066.zip,1200
imgseg_271031.zip,530.9974706808149
imgseg_239007.zip,1200
imgseg_216041.zip,1200
imgseg_173036.zip,1200
imgseg_147021.zip,1200
imgseg_108073.zip,1200
gka.9b.zip,120
gka.6a.zip,120
gka.4d.zip,120
gka.2e.zip,120
gka.1b.zip,120
g003262.zip,120
p6000_2.zip,1200
g003252.zip,1200
g003240.zip,268.4506928835116
g003231.zip,1200
g003220.zip,1200
g002370.zip,1200
g002352.zip,471.9991845414428
g002349.zip,120
g002330.zip,188.79981199422943
g002327.zip,866.1232833160393
g002309.zip,471.9991845414428
g002306.zip,590.0027854071138
g002288.zip,120
g002285.zip,1119.8245026150448
g002268.zip,519.7912340160981
g002265.zip,120
g002248.zip,120
g002245.zip,143.36979306841488
g002227.zip,350.4602385362485
g002223.zip,921.5778523528102
g002206.zip,120
g002203.zip,147.4998646153808
g002186.zip,120
g002183.zip,1200
g002166.zip,350.4602385362485
g002163.zip,302.0786028712963
g002145.zip,434.8309165402768
g002142.zip,144.55025866599118
g002125.zip,377.6006886094642
g002122.zip,377.6006886094642
g002745.zip,1200
g002104.zip,377.6006886094642
g002101.zip,120
g002744.zip,1200
g002084.zip,488.5184590221433
g002081.zip,230.69056288766265
g002725.zip,377.6006886094642
g002724.zip,338.07144805334906
g002704.zip,120
g002064.zip,461.9687545348075
g002703.zip,120
g002061.zip,1200
g002683.zip,120
g002682.zip,801.806460697283
g002043.zip,1115.0976493118105
g002040.zip,394.1207198463946
g002663.zip,120
g002662.zip,120
g002642.zip,147.4998646153808
g002641.zip,120
g002622.zip,408.87000033122433
g002621.zip,1200
g002022.zip,318.60027413683724
g002019.zip,541.0313675868133
g003210.zip,1200
g003199.zip,120
g003190.zip,590.0027854071138
g003179.zip,147.4998646153808
g003170.zip,1200
g003159.zip,120
g002840.zip,1200
g002835.zip,795.9109103562055
g003149.zip,1200
g003137.zip,589.4071834234855
g003128.zip,377.6006886094642
g003117.zip,438.37173388050473
g003108.zip,377.6006886094642
g003097.zip,562.2672428291119
g003088.zip,120
g002820.zip,1133.3886821305116
g002815.zip,454.29976610473676
g002799.zip,132.74994660737397
g002000.zip,1200
g001996.zip,120
g001978.zip,535.7176543008504
g001975.zip,546.9280498885435
g001957.zip,188.79981199422943
g001954.zip,737.5008626569484
g001935.zip,382.31973377069096
g001932.zip,590.0027854071138
g001914.zip,188.79981199422943
g001911.zip,1200
g001893.zip,1200
g001890.zip,310.9298294420809
g001872.zip,120
g002600.zip,1200
g002599.zip,120
g002580.zip,120
g002579.zip,866.1232833160393
g002559.zip,473.180658730181
g002558.zip,120
g002793.zip,1200
g003077.zip,1200
g003068.zip,541.0313675868133
g002778.zip,1200
g002773.zip,120
g002757.zip,377.6006886094642
g002752.zip,390.5817357659801
g002737.zip,120
g002732.zip,438.95954574990117
g002716.zip,120
g002711.zip,1200
g002696.zip,1200
g002691.zip,120
g002675.zip,183.48946564501043
g002670.zip,737.5008626569484
g002655.zip,120
g002649.zip,1181.1776850369197
g002634.zip,188.79981199422943
g002629.zip,337.4803403893175
g002614.zip,120
g002607.zip,604.1589091300192
g002592.zip,502.08893126573196
g002587.zip,350.4602385362485
g002572.zip,432.47185880907455
g002566.zip,709.7673625175528
g002551.zip,1200
g002546.zip,120
g002531.zip,590.0027854071138
g002526.zip,120
g002510.zip,292.6411920056448
g002505.zip,404.1504695165944
g002488.zip,120
g002483.zip,737.5008626569484
g002466.zip,120
g002461.zip,471.9991845414428
p4000_5.zip,1200
imgseg_87065.zip,1200
imgseg_56028.zip,1200
imgseg_370036.zip,1200
imgseg_35010.zip,1200
imgseg_27059.zip,1200
imgseg_245051.zip,1200
imgseg_20008.zip,1200
imgseg_181091.zip,1200
imgseg_140055.zip,1200
imgseg_117054.zip,1200
gka.8b.zip,120
gka.6c.zip,120
gka.4b.zip,120
gka.3a.zip,120
g002445.zip,1200
gka.10d.zip,120
g002440.zip,1200
p5000_3.zip,1200
imgseg_66039.zip,1200
g002425.zip,120
imgseg_65132.zip,1200
imgseg_365025.zip,1200
g002420.zip,590.0027854071138
g002404.zip,120
imgseg_361084.zip,1200
g002399.zip,120
imgseg_254033.zip,1200
imgseg_253036.zip,1072.027782619546
g002384.zip,445.4510025981501
imgseg_187029.zip,1200
imgseg_187003.zip,1200
imgseg_126039.zip,1063.1774077914044
imgseg_12003.zip,1200
gka.7c.zip,120
p5000_2.zip,1200
imgseg_71046.zip,1200
gka.7b.zip,120
imgseg_65074.zip,1200
imgseg_365073.zip,1200
imgseg_353013.zip,1200
imgseg_254054.zip,1200
imgseg_249087.zip,1200
imgseg_198004.zip,1200
gka.3e.zip,120
imgseg_183087.zip,1200
gka.3d.zip,120
imgseg_135037.zip,1200
g003268.zip,826.002052114182
imgseg_118035.zip,1200
gka.7d.zip,120
gka.7a.zip,120
g003267.zip,1200
g003247.zip,1200
g003246.zip,120
g003226.zip,120
gka.3f.zip,295.59115248257154
gka.3c.zip,120
g003269.zip,760.5084767462441
g003266.zip,120
g003248.zip,471.9991845414428
g003225.zip,120
g003245.zip,566.3981396838451
g003227.zip,779.9792040997413
g003224.zip,990.6063772690418
g003205.zip,377.6006886094642
g003206.zip,536.8975305282793
g003204.zip,138.05984601380166
g003185.zip,590.0027854071138
g003203.zip,448.40070251762955
g003184.zip,120
g003186.zip,131.56976692919858
g003165.zip,120
g003183.zip,120
g003166.zip,390.5817357659801
g003163.zip,120
g003144.zip,1200
p6000_3.zip,1200
g003141.zip,847.2427538664498
g003124.zip,120
g003121.zip,1200
p7000_2.zip,1200
g003057.zip,1200
g003048.zip,351.63976543321877
g003037.zip,546.9280498885435
g003028.zip,120
g003017.zip,120
g003008.zip,176.99956198639438
g002996.zip,1200
g002987.zip,120
g002976.zip,120
g002967.zip,1200
g002956.zip,120
g002947.zip,590.0027854071138
g002935.zip,176.99956198639438
g002926.zip,377.6006886094642
g003104.zip,1200
g003101.zip,120
g003084.zip,1200
g003081.zip,1200
g003064.zip,120
g003061.zip,295.0005609659869
g003044.zip,1179.9970977439123
g003041.zip,120
g003024.zip,235.99892688495603
g002539.zip,1200
g002538.zip,147.4998646153808
g002519.zip,120
g002518.zip,377.6006886094642
g002497.zip,120
g002496.zip,123.90030594448334
g002476.zip,377.6006886094642
g002475.zip,120
g002454.zip,120
g002452.zip,708.0022402740717
g002433.zip,120
g002432.zip,120
g002413.zip,188.79981199422943
g002379.zip,1200
g002364.zip,120
g002412.zip,1200
g002392.zip,120
g002391.zip,1200
g002372.zip,637.788840728943
g002371.zip,436.59991870586674
g002351.zip,228.9210668559262
g002350.zip,497.3715130009186
g002329.zip,120
g002358.zip,1200
g002343.zip,495.0096502917919
g002328.zip,1200
g002338.zip,120
g002308.zip,120
g002307.zip,1200
g002287.zip,120
g002286.zip,120
g002320.zip,1200
g002315.zip,1200
g003164.zip,1200
g003143.zip,188.79981199422943
g003142.zip,1200
g003123.zip,351.63976543321877
g003122.zip,120
g003264.zip,1200
g003250.zip,328.63156430641965
g003242.zip,183.48946564501043
g003103.zip,1200
g003229.zip,147.4998646153808
g003222.zip,377.6006886094642
g003102.zip,590.0027854071138
g003208.zip,1200
g003083.zip,120
g003201.zip,188.79981199422943
g003188.zip,120
g003181.zip,1200
g003168.zip,788.8271782797208
g003161.zip,120
g003147.zip,295.0005609659869
g003139.zip,377.6006886094642
g003126.zip,590.0027854071138
g003119.zip,1200
g003106.zip,1200
g003099.zip,120
g003086.zip,120
g003079.zip,482.0304363048301
g003066.zip,120
g003059.zip,1200
g003046.zip,1200
g003039.zip,120
g003026.zip,541.6214132939737
g003019.zip,431.2885078470992
g003006.zip,120
g002998.zip,1200
g002985.zip,147.4998646153808
g002978.zip,208.27040468289536
g002965.zip,489.10992412178183
g002958.zip,556.9621353076951
g002945.zip,120
g002937.zip,357.5400049807773
g002924.zip,581.742120677328
g003021.zip,1200
g003004.zip,147.4998646153808
g003000.zip,120
g002983.zip,424.2094240415459
g002980.zip,1200
g002963.zip,120
g002916.zip,1200
g002903.zip,120
g002896.zip,147.4998646153808
g002883.zip,120
g002876.zip,120
g002862.zip,185.2594468314628
g002854.zip,120
p4000_2.zip,1200
g002841.zip,235.99892688495603
g002834.zip,513.2983514634057
imgseg_97017.zip,1200
g002821.zip,120
g002814.zip,120
g002800.zip,120
imgseg_48055.zip,1200
imgseg_376020.zip,1200
imgseg_310007.zip,1200
imgseg_274007.zip,1200
imgseg_236017.zip,1200
imgseg_216066.zip,1200
imgseg_172032.zip,1200
imgseg_147062.zip,1200
imgseg_108041.zip,1200
g002960.zip,1200
gka.9d.zip,120
g002943.zip,136.290312033342
gka.5f.zip,295.59115248257154
g002939.zip,120
gka.4e.zip,120
g002922.zip,590.0027854071138
gka.2d.zip,120
gka.1c.zip,120
g002919.zip,120
g003261.zip,471.9991845414428
g003253.zip,444.27212015040004
g003239.zip,1200
g003232.zip,120
g002901.zip,1200
g003219.zip,120
g003211.zip,1038.9930042478697
g002792.zip,1200
g002779.zip,557.5472526826326
g002267.zip,1200
g002266.zip,377.6006886094642
g002247.zip,430.6980471492798
g002246.zip,430.1083948287511
g002226.zip,535.7176543008504
g002224.zip,708.0022402740717
g002205.zip,120
g002898.zip,1200
g002881.zip,470.22779989762427
g002878.zip,1200
g002772.zip,1200
g002758.zip,120
g001869.zip,1200
g001852.zip,147.4998646153808
g001849.zip,139.82998026507605
p4000_4.zip,1200
g001832.zip,120
g001828.zip,120
imgseg_90076.zip,1200
g001811.zip,120
g001808.zip,1008.3062862845578
imgseg_55075.zip,1200
imgseg_374020.zip,1200
imgseg_35008.zip,1200
imgseg_271008.zip,1200
imgseg_242078.zip,1200
imgseg_2092.zip,1200
imgseg_176039.zip,1200
g001791.zip,585.8696109559841
imgseg_140075.zip,1200
g001788.zip,188.79981199422943
g002859.zip,1200
g001770.zip,120
g002856.zip,802.4000170669694
imgseg_112082.zip,1200
g001766.zip,1200
g002839.zip,120
gka.8d.zip,120
gka.6b.zip,120
g002914.zip,1200
gka.4c.zip,120
g002905.zip,120
g002894.zip,120
gka.2f.zip,295.59115248257154
gka.1a.zip,120
g003263.zip,120
g001749.zip,1200
g003251.zip,1200
g001746.zip,120
g003241.zip,377.6006886094642
g001729.zip,737.5008626569484
g002836.zip,701.5114754940013
g003230.zip,426.5703318038647
g003221.zip,120
g003209.zip,120
g001726.zip,663.1606429646783
g001709.zip,120
g001706.zip,1200
g001689.zip,395.3009042952391
g001686.zip,1200
g001669.zip,1200
g001666.zip,1179.9970977439123
g001647.zip,590.0027854071138
g001644.zip,587.0483931532469
g001625.zip,530.9974706808149
g001622.zip,604.1589091300192
g001605.zip,173.460040357437
g001602.zip,120
g001585.zip,828.3595157526846
g002751.zip,1200
g002738.zip,120
g002731.zip,353.40943521047046
g002717.zip,265.5006417768367
g002710.zip,533.9473603179492
g002697.zip,1124.5376562202653
g002690.zip,120
g002676.zip,120
g002885.zip,1200
g002669.zip,1179.9970977439123
g002874.zip,120
g002656.zip,167.55928985521322
g002865.zip,120
g002852.zip,590.0027854071138
g002648.zip,578.788576429914
g002635.zip,120
g002843.zip,457.24861483028036
g002832.zip,120
g002823.zip,120
g002812.zip,475.5382202917281
g002802.zip,318.60027413683724
g002628.zip,1200
g002615.zip,351.63976543321877
g002606.zip,377.6006886094642
g002593.zip,377.6006886094642
g002586.zip,1200
g002573.zip,377.6006886094642
g002565.zip,120
g002552.zip,227.74059907886743
g002545.zip,1200
g002532.zip,120
g002525.zip,377.6006886094642
g002511.zip,120
g002504.zip,275.5302045345646
g002489.zip,235.99892688495603
g002482.zip,659.6222072801756
g002467.zip,302.0786028712963
g002460.zip,120
g002446.zip,120
g002439.zip,484.38849381467986
g002426.zip,377.6006886094642
g002419.zip,147.4998646153808
g002405.zip,737.5008626569484
g001581.zip,1200
g002398.zip,120
g001563.zip,235.99892688495603
g002385.zip,120
g002378.zip,377.6006886094642
g002365.zip,120
g001559.zip,550.4726417959016
g002357.zip,295.59115248257154
g002344.zip,737.5008626569484
g002336.zip,120
g002322.zip,176.99956198639438
g002314.zip,330.98970028117844
g002301.zip,295.0005609659869
g002293.zip,522.7415940431304
g002280.zip,120
g002273.zip,362.84917712733795
g001542.zip,590.0027854071138
g002260.zip,120
g001539.zip,204.14025005986937
g002253.zip,377.6006886094642
g002239.zip,317.4204570337755
g003200.zip,1200
g003189.zip,377.6006886094642
g003180.zip,495.0096502917919
g003169.zip,458.4298393809873
g003160.zip,120
g003148.zip,295.0005609659869
g003198.zip,1200
g003082.zip,1200
g003063.zip,188.79981199422943
g002204.zip,1200
g002185.zip,120
g002184.zip,120
g002165.zip,120
g003138.zip,1200
g003127.zip,377.6006886094642
g003118.zip,295.0005609659869
g003107.zip,1200
g003098.zip,1200
g003087.zip,581.742120677328
g003078.zip,188.79981199422943
g003067.zip,479.0798370353709
g003058.zip,120
g003047.zip,120
g003038.zip,1200
g003027.zip,237.17950462185797
g003018.zip,120
g003007.zip,1200
g002997.zip,303.2590097196834
g002986.zip,377.6006886094642
g002977.zip,120
g002966.zip,538.0800053408038
g002957.zip,427.7492921364986
g002946.zip,377.6006886094642
g003191.zip,1200
g003178.zip,1200
g003171.zip,590.0027854071138
g003158.zip,377.6006886094642
g002790.zip,1200
g002781.zip,543.3899802992289
g002770.zip,1019.520051624415
g002760.zip,120
g002749.zip,120
g002740.zip,357.5400049807773
g002729.zip,120
g003150.zip,1200
g003136.zip,431.879778030446
g003129.zip,584.0971127257002
g003116.zip,319.7812786621864
g003109.zip,377.6006886094642
g003096.zip,590.0027854071138
g003089.zip,120
g003076.zip,377.6006886094642
g003069.zip,541.0313675868133
g003056.zip,295.0005609659869
g002719.zip,1200
g003049.zip,120
g002708.zip,1200
g003036.zip,120
g002699.zip,120
g003029.zip,214.75916938793978
g002687.zip,1200
g003016.zip,418.89791805736104
g003009.zip,505.0398100334104
g002995.zip,120
g002678.zip,590.0027854071138
g002667.zip,120
g002658.zip,120
g002988.zip,546.3376864483049
g002646.zip,590.0027854071138
g002637.zip,1200
g002626.zip,590.0027854071138
g002617.zip,1200
g002975.zip,549.2903969846234
g002604.zip,1200
g002595.zip,471.9991845414428
g002584.zip,188.79981199422943
g002575.zip,377.6006886094642
g002819.zip,1200
g002816.zip,188.79981199422943
g002798.zip,969.3708549485904
g002795.zip,1179.9970977439123
g002777.zip,188.79981199422943
g002774.zip,542.7980079042685
g002756.zip,120
g002753.zip,135.70009377915483
g002736.zip,120
g002733.zip,834.2617966171196
g002715.zip,120
g002712.zip,120
g002695.zip,471.9991845414428
g002563.zip,1200
g002554.zip,120
g002543.zip,377.6006886094642
g002534.zip,406.509483320566
g002523.zip,120
g002513.zip,120
g002502.zip,359.9003753156638
g002491.zip,120
g002480.zip,377.6006886094642
g002469.zip,120
g002458.zip,590.0027854071138
g002936.zip,1200
g002448.zip,120
g002925.zip,188.79981199422943
g002437.zip,151.63059364849994
g002915.zip,120
g002428.zip,120
g002904.zip,188.79981199422943
g002895.zip,1200
g002884.zip,120
g002875.zip,520.9725003473551
g002863.zip,749.8905465279396
g002417.zip,1063.7729538771082
g002407.zip,120
g002396.zip,120
g002387.zip,120
g002376.zip,120
g002367.zip,590.0027854071138
g002355.zip,120
g002346.zip,1200
g002334.zip,120
g002324.zip,471.9991845414428
g002853.zip,1200
g002842.zip,120
g002833.zip,120
g002822.zip,120
g002813.zip,120
g002801.zip,515.0722890587824
g002791.zip,1200
g002692.zip,1200
g002674.zip,1200
g002671.zip,418.89791805736104
g002654.zip,120
g002650.zip,120
g002633.zip,1200
g002630.zip,471.9991845414428
g002611.zip,182.89957979153857
g002608.zip,477.89797004449827
g002591.zip,1200
g002588.zip,120
g002571.zip,265.5006417768367
g002567.zip,120
g002232.zip,1200
g002550.zip,120
g002218.zip,120
g002211.zip,188.79981199422943
g002198.zip,296.76994951950456
g002191.zip,120
g002178.zip,737.5008626569484
g002300.zip,1200
g002294.zip,124.49023236378137
g002279.zip,120
g002274.zip,188.79981199422943
g002259.zip,864.3495492838005
g002254.zip,235.99892688495603
g002780.zip,1200
g002312.zip,1200
g002303.zip,1200
g002291.zip,509.7585885763985
g002282.zip,332.7585852745132
g002238.zip,1200
g002233.zip,386.4518411931428
g002217.zip,235.99892688495603
g002212.zip,139.82998026507605
g002197.zip,377.6006886094642
g002192.zip,1200
g002177.zip,512.1191218888943
g002172.zip,120
g002157.zip,375.830129446336
g002151.zip,1200
g002136.zip,127.44020292489157
g002131.zip,556.3720682350676
g002116.zip,1200
g002111.zip,120
g002095.zip,120
g002090.zip,1200
g002075.zip,256.6510186231107
g002070.zip,120
g003062.zip,1200
g003043.zip,464.9208880641231
g003042.zip,1090.3208153398243
g003023.zip,377.6006886094642
g003022.zip,120
g003002.zip,120
g003001.zip,1061.9979355969265
g002982.zip,120
g002981.zip,1200
g002962.zip,590.0027854071138
g002961.zip,120
g002942.zip,120
g002941.zip,120
g002921.zip,188.79981199422943
g002920.zip,470.820660349144
g002900.zip,705.6414574934615
g002899.zip,120
g002880.zip,1179.9970977439123
g002879.zip,120
g002858.zip,120
g002857.zip,120
g002968.zip,1200
g002547.zip,1200
g002530.zip,377.6006886094642
g002171.zip,1200
g002158.zip,120
g002838.zip,1200
g002837.zip,120
g002818.zip,497.95875779254663
g002817.zip,590.0027854071138
g002797.zip,527.4622284316854
g002796.zip,497.95875779254663
g002776.zip,1200
g002775.zip,1200
g002755.zip,309.75053816271196
g002754.zip,295.0005609659869
g002735.zip,235.99892688495603
g002734.zip,1200
g002150.zip,1200
g002714.zip,368.74939166020386
g002713.zip,162.8398590266803
g002694.zip,151.0403859863001
g002693.zip,188.79981199422943
g002673.zip,467.2793496334075
g002672.zip,120
g002653.zip,120
g002651.zip,120
g002137.zip,1200
g002632.zip,120
g002631.zip,1200
g002610.zip,879.6879637269639
g002609.zip,120
g002590.zip,265.5006417768367
g002589.zip,471.9991845414428
g002570.zip,327.4506176543126
g002569.zip,1200
g002130.zip,743.9897500455015
g002117.zip,120
g002549.zip,214.16939298635714
g002110.zip,120
g002096.zip,188.79981199422943
g002548.zip,120
g002089.zip,142.78032465971748
g002076.zip,375.830129446336
g002069.zip,120
g002056.zip,590.0027854071138
g002049.zip,120
g002055.zip,1200
g002050.zip,1200
g002035.zip,584.6873488286101
g002028.zip,120
g002014.zip,377.6006886094642
g002034.zip,1200
g002029.zip,1200
g002013.zip,325.68063628909727
g002007.zip,120
g001989.zip,590.0027854071138
g001984.zip,147.4998646153808
g001968.zip,137.4702125884875
g001963.zip,1141.6470254760334
g001948.zip,120
g001941.zip,120
g001926.zip,410.6401394802976
g001920.zip,184.6694108038898
g001905.zip,147.4998646153808
g001900.zip,188.79981199422943
g001884.zip,188.79981199422943
g001878.zip,145.13977707494803
g001863.zip,120
g001858.zip,1200
p7000_3.zip,1200
p4000_1.zip,1200
g002771.zip,1200
g002759.zip,312.11048943309004
g002750.zip,1200
g002739.zip,509.7585885763985
g002730.zip,188.79981199422943
g002718.zip,329.22034160500215
g002709.zip,329.8101737587626
g002698.zip,188.79981199422943
g002689.zip,120
g002677.zip,691.4820950928702
g002668.zip,363.44110357505315
g002657.zip,143.36979306841488
g002647.zip,377.6006886094642
g002636.zip,150.44946663186028
g002627.zip,661.9812669762255
g002616.zip,604.1589091300192
g002605.zip,120
g002271.zip,1200
g002262.zip,120
g002251.zip,572.8920232841557
g002242.zip,1200
g002230.zip,751.6623781567012
g002220.zip,454.8907398503786
g002209.zip,295.0005609659869
p3000_1.zip,1200
g002200.zip,120
imgseg_45077.zip,1200
g002189.zip,120
g002180.zip,120
imgseg_388016.zip,1200
g002169.zip,430.1083948287511
imgseg_309004.zip,1200
g002160.zip,377.6006886094642
g002148.zip,188.79981199422943
imgseg_277095.zip,1200
g002139.zip,377.6006886094642
g002128.zip,120
imgseg_232038.zip,1200
imgseg_22013.zip,1200
imgseg_166081.zip,1200
imgseg_15088.zip,1200
imgseg_106025.zip,923.3489815692848
imgseg_100075.zip,1200
gka.5e.zip,120
gka.4f.zip,295.59115248257154
gka.2c.zip,120
gka.1d.zip,120
g002119.zip,519.199009641351
g002107.zip,120
g002098.zip,120
g002087.zip,471.9991845414428
g002078.zip,147.4998646153808
g003260.zip,397.6599558946144
g002067.zip,377.6006886094642
g003255.zip,457.83884616076887
g002058.zip,135.10972930005786
g002046.zip,120
g002037.zip,120
g002025.zip,120
g002955.zip,1200
g002948.zip,1200
g003238.zip,668.4671516366768
g002934.zip,120
g002927.zip,136.8803597667883
g002913.zip,1200
g002906.zip,120
g002893.zip,1200
g002886.zip,120
g002873.zip,377.6006886094642
g002866.zip,120
g002851.zip,120
g002844.zip,1200
g002831.zip,377.6006886094642
g003233.zip,1046.0717719664542
g003218.zip,377.6006886094642
g002824.zip,1200
g002811.zip,120
g002006.zip,1200
g001990.zip,127.44020292489157
g001983.zip,1200
g001969.zip,764.6416233995634
g001962.zip,146.32018346125474
g002803.zip,929.2494877420336
g001949.zip,120
g002789.zip,302.0786028712963
g001940.zip,120
g001927.zip,1200
g001919.zip,120
g001906.zip,120
g001899.zip,414.7712891856942
g002527.zip,1200
g002509.zip,364.62056244221066
g002506.zip,300.8997816314211
g002487.zip,590.0027854071138
g002484.zip,120
g002594.zip,1200
g002585.zip,120
g002574.zip,120
g002564.zip,1200
g002553.zip,558.1385661112266
g002544.zip,145.73024240340644
g002533.zip,120
g002465.zip,962.878521475736
g002524.zip,1200
g002462.zip,703.2815137237112
g002444.zip,120
g002441.zip,428.9315108942087
g002424.zip,120
g002421.zip,331.5793866128173
g002403.zip,120
g002400.zip,188.79981199422943
g002383.zip,1200
g002380.zip,590.0027854071138
g002363.zip,1200
g002359.zip,417.129722234655
g002342.zip,120
g002512.zip,1200
g002503.zip,120
g003212.zip,1200
g003197.zip,120
g003192.zip,132.74994660737397
g003177.zip,383.4990938328771
g003172.zip,405.92047170637113
g003157.zip,298.540994352576
g003152.zip,590.0027854071138
g001843.zip,1200
g001838.zip,120
g001822.zip,160.47966840116098
g001817.zip,764.6416233995634
g001802.zip,120
g001797.zip,120
g002339.zip,1200
g001782.zip,590.0027854071138
g002319.zip,145.13977707494803
g001777.zip,737.5008626569484
g002316.zip,149.27007631766253
g001760.zip,120
g002298.zip,336.30122385557024
g001755.zip,471.9991845414428
g002295.zip,377.6006886094642
g001740.zip,120
g002278.zip,120
g001735.zip,120
g002275.zip,377.6006886094642
g001720.zip,382.31973377069096
g001715.zip,590.0027854071138
g001700.zip,120
g002258.zip,307.38998716543273
g002255.zip,120
g002237.zip,227.74059907886743
g001695.zip,504.44925899539555
g002234.zip,120
g001680.zip,553.4200282209758
g002216.zip,120
g001675.zip,550.4726417959016
g001660.zip,377.6006886094642
g001654.zip,120
g001638.zip,120
g001633.zip,563.449244706639
g001616.zip,1179.9970977439123
g001611.zip,292.6411920056448
g001596.zip,120
g001591.zip,1200
g001575.zip,1200
g001569.zip,1200
g001553.zip,120
g001548.zip,377.6006886094642
g001533.zip,582.3299770367009
g001527.zip,590.0027854071138
g001512.zip,318.01140849834894
g001507.zip,120
g001491.zip,490.2901005803324
g001486.zip,328.63156430641965
g001470.zip,188.79981199422943
g001465.zip,382.31973377069096
g001448.zip,132.74994660737397
g001443.zip,377.6006886094642
g001428.zip,372.8802259105881
g001422.zip,120
g001406.zip,479.0798370353709
g001400.zip,120
g001384.zip,356.35850402708945
g001378.zip,120
g001363.zip,120
g001358.zip,120
g001343.zip,120
g001338.zip,120
g001323.zip,120
g001318.zip,120
g001301.zip,413.59087390228706
g001885.zip,1200
g001877.zip,120
g001864.zip,328.04055955451634
g001857.zip,390.5817357659801
g001844.zip,1200
g001837.zip,805.3502354690245
g001823.zip,120
g001816.zip,123.30947569133377
g001803.zip,345.1493624285137
g001296.zip,1200
g001281.zip,120
g001276.zip,1061.9979355969265
g001261.zip,120
g001256.zip,529.8199638121296
g001239.zip,120
g001234.zip,1200
g002213.zip,1200
g002196.zip,538.0800053408038
g002193.zip,377.6006886094642
g002176.zip,120
g002490.zip,1200
g002481.zip,1200
g002529.zip,1200
g002528.zip,590.0027854071138
g002782.zip,1200
g002769.zip,120
g002761.zip,120
g002748.zip,120
g002741.zip,188.79981199422943
g002728.zip,1179.9970977439123
g002720.zip,120
g002707.zip,590.0027854071138
g002700.zip,120
g002686.zip,461.9687545348075
g002679.zip,120
g002666.zip,295.0005609659869
g002659.zip,120
g002645.zip,295.0005609659869
g002016.zip,1200
g002004.zip,120
g001992.zip,377.6006886094642
g001981.zip,377.6006886094642
g001971.zip,572.8920232841557
g001960.zip,558.7305066643722
g001951.zip,120
g001938.zip,377.6006886094642
g001929.zip,120
g001917.zip,120
g001908.zip,120
g001896.zip,1200
g001887.zip,1200
g001875.zip,120
g001866.zip,1200
g001855.zip,120
g001846.zip,1200
g001835.zip,120
g001825.zip,590.0027854071138
g001814.zip,145.13977707494803
g002508.zip,1200
g001805.zip,120
g002507.zip,1200
g001794.zip,176.99956198639438
g002486.zip,424.7994851384211
g001785.zip,1200
g001773.zip,377.6006886094642
g002485.zip,378.78064252886156
g001763.zip,120
g001752.zip,1179.9970977439123
g002464.zip,415.3606827867566
g001743.zip,480.25982422365195
g002463.zip,120
g001732.zip,120
g002443.zip,188.79981199422943
g001723.zip,188.79981199422943
g002442.zip,120
g001712.zip,120
g002423.zip,295.0005609659869
g001703.zip,532.7686396177695
g001692.zip,402.3801376769713
g001683.zip,120
g002638.zip,1200
g001672.zip,147.4998646153808
g002625.zip,120
g001663.zip,120
g002618.zip,188.79981199422943
g002422.zip,1200
g002402.zip,120
g002401.zip,123.30947569133377
g002603.zip,590.0027854071138
g002382.zip,1185.8999987511029
g002381.zip,139.82998026507605
g002596.zip,510.9374920252648
g002362.zip,120
g002583.zip,120
g002360.zip,120
g002576.zip,199.42081852445628
g002341.zip,176.99956198639438
g002340.zip,377.6006886094642
g002318.zip,737.5008626569484
g002562.zip,569.3510810036747
g002555.zip,1200
g001796.zip,1200
g001783.zip,120
g001775.zip,869.0731143504023
g001761.zip,396.4806579499275
g001754.zip,188.79981199422943
g001741.zip,235.99892688495603
g001734.zip,120
g002317.zip,1200
g002297.zip,1200
g002296.zip,120
g002277.zip,377.6006886094642
g002276.zip,1200
g002257.zip,719.8027800692563
g002256.zip,590.0027854071138
g001721.zip,1200
g001714.zip,188.79981199422943
g002236.zip,601.2117836588117
g002235.zip,266.0907079326739
g001701.zip,312.11048943309004
g002215.zip,120
g002214.zip,248.98116671404748
g001694.zip,120
g001681.zip,471.9991845414428
g001674.zip,320.3702178728392
g002195.zip,346.9210588366243
g002194.zip,120
g001661.zip,120
g002175.zip,120
g002174.zip,126.85025013225257
g002155.zip,227.14924261779248
g002154.zip,120
g002134.zip,188.79981199422943
g002133.zip,377.6006886094642
g001653.zip,1200
g002114.zip,296.76994951950456
g001639.zip,120
g001632.zip,120
g002113.zip,396.4806579499275
g002093.zip,229.51015064617988
g002092.zip,120
g002073.zip,120
g001617.zip,1200
g002164.zip,1200
g002144.zip,120
g001610.zip,333.3514230253712
g002143.zip,235.99892688495603
g001597.zip,377.6006886094642
g001590.zip,295.0005609659869
g001576.zip,1179.9970977439123
g001521.zip,1200
g001518.zip,1060.8197718902395
g001500.zip,1200
g001497.zip,188.79981199422943
g001479.zip,661.3923657485353
g001476.zip,1200
g001459.zip,471.9991845414428
g001456.zip,329.22034160500215
g003135.zip,1200
g003130.zip,387.0396946472002
g003115.zip,548.6974835867461
g003110.zip,276.70923394429036
g003095.zip,324.50055871597635
g003090.zip,120
g003075.zip,120
g003070.zip,336.30122385557024
g003055.zip,1200
g003050.zip,228.32892844302438
g003035.zip,1200
g003030.zip,120
g003015.zip,120
g003010.zip,120
g002994.zip,377.6006886094642
g002989.zip,418.89791805736104
g002974.zip,590.0027854071138
g002969.zip,533.9473603179492
g002542.zip,1200
g002535.zip,1200
g002522.zip,620.0916302950542
g002515.zip,368.74939166020386
g002501.zip,402.3801376769713
g002493.zip,120
g002479.zip,165.20006555645293
g002470.zip,120
g002457.zip,120
g002449.zip,379.960484029698
g002436.zip,120
g002429.zip,120
g002416.zip,120
g002408.zip,1041.3541973077197
g002395.zip,120
g002388.zip,590.0027854071138
g002124.zip,1200
g002123.zip,309.1594792757452
g002103.zip,188.79981199422943
g002102.zip,590.0027854071138
g002083.zip,1200
g002082.zip,120
g002063.zip,120
g002062.zip,120
g002042.zip,1200
g002041.zip,202.36990950704887
g002021.zip,1200
g002020.zip,188.79981199422943
g001998.zip,188.79981199422943
g001997.zip,1200
g001977.zip,512.1191218888943
g001976.zip,120
g001956.zip,120
g001955.zip,337.4803403893175
g001934.zip,120
g001933.zip,366.3896035906071
g002072.zip,1200
g002053.zip,387.6284423179402
g002052.zip,130.389647749576
g001219.zip,1200
g001214.zip,120
g001198.zip,484.9798084056916
g001192.zip,322.73038649458545
g001177.zip,120
g001172.zip,188.79981199422943
g001156.zip,1179.9970977439123
g001150.zip,716.2628853736691
g001134.zip,120
g001129.zip,507.9877118009106
g001113.zip,120
g001108.zip,120
g001092.zip,120
g002032.zip,1200
g001087.zip,540.4419646790843
g002031.zip,120
g001072.zip,120
g002011.zip,377.6006886094642
g001437.zip,1200
g002009.zip,120
g001434.zip,359.9003753156638
g001415.zip,521.5615320129608
g001412.zip,120
g001987.zip,590.0027854071138
g001986.zip,120
g001966.zip,844.882241029775
g001965.zip,476.1282534298327
g001945.zip,1200
g001944.zip,120
g002468.zip,1200
g002459.zip,377.6006886094642
g002447.zip,359.31062242969585
g002438.zip,120
g002427.zip,1200
g001924.zip,1200
g002418.zip,1200
g002406.zip,377.6006886094642
g002397.zip,120
g002386.zip,188.79981199422943
g002377.zip,120
g002366.zip,377.6006886094642
g002356.zip,586.4616381864737
g002345.zip,414.7712891856942
g002335.zip,536.3126310481302
g002323.zip,377.6006886094642
g002313.zip,354.588250267478
g002302.zip,128.03033882666332
g002292.zip,120
g002173.zip,1200
g002281.zip,377.6006886094642
g001923.zip,1200
g001903.zip,1200
g001902.zip,120
g001882.zip,120
g001881.zip,311.5211577019765
g001861.zip,120
g001860.zip,120
g002954.zip,1200
g002949.zip,195.29031727287116
g002933.zip,120
g002272.zip,1200
g002261.zip,377.6006886094642
g002252.zip,1200
g002156.zip,1200
g002153.zip,1171.7425255651215
g002135.zip,120
g002132.zip,120
g002115.zip,1179.9970977439123
g002112.zip,120
g002094.zip,1200
g002091.zip,471.9991845414428
g002074.zip,120
g002071.zip,377.6006886094642
g002054.zip,120
g002051.zip,120
g002033.zip,151.0403859863001
g002030.zip,570.5308583896777
g001913.zip,1200
g001912.zip,996.5080898836899
g001892.zip,1200
g001891.zip,377.6006886094642
g001871.zip,120
g001870.zip,120
g001851.zip,1200
g001850.zip,820.1007986754914
g001831.zip,120
g002012.zip,1200
g002008.zip,1200
g001988.zip,1200
g001830.zip,1200
g001810.zip,188.79981199422943
g001809.zip,1179.9970977439123
g001985.zip,557.5472526826326
g001967.zip,120
g001964.zip,120
g001947.zip,127.44020292489157
g001943.zip,433.64978351640747
g001925.zip,120
g001921.zip,590.0027854071138
g001904.zip,147.4998646153808
g001901.zip,415.95091392124095
g001883.zip,1200
g001879.zip,420.66940247474264
g001862.zip,295.0005609659869
g001859.zip,147.4998646153808
g001842.zip,120
g001839.zip,237.17950462185797
g001821.zip,120
g001818.zip,120
g001790.zip,1200
g001789.zip,177.5899529832534
g001768.zip,120
g001767.zip,120
g001748.zip,292.05065344254496
g001747.zip,120
g001728.zip,120
g001727.zip,158.70978104354313
g001708.zip,352.2310167511912
g001707.zip,944.001030633451
g001688.zip,120
g001687.zip,471.9991845414428
g001668.zip,1176.4624111316132
g001667.zip,120
g001646.zip,120
g001645.zip,120
g001624.zip,737.5008626569484
g001623.zip,495.59906240629135
g001604.zip,1179.9970977439123
g001603.zip,120
g001583.zip,377.6006886094642
g001582.zip,1200
g001561.zip,120
g001560.zip,416.5419837792887
g001541.zip,120
g001540.zip,120
g001520.zip,120
g001519.zip,147.4998646153808
g001499.zip,438.37173388050473
g001498.zip,120
g001478.zip,120
g001477.zip,419.4889807230769
g001458.zip,377.6006886094642
g001457.zip,805.3502354690245
g001436.zip,417.129722234655
g001435.zip,120
g001414.zip,132.74994660737397
g001413.zip,120
g001801.zip,1200
g001798.zip,1200
g001781.zip,120
g001778.zip,893.8493582664603
g001759.zip,120
g001756.zip,120
g001739.zip,590.0027854071138
g001736.zip,120
g001719.zip,120
g001716.zip,295.0005609659869
g001699.zip,120
g001696.zip,120
g001679.zip,1200
g001676.zip,1200
g001659.zip,377.6006886094642
g001655.zip,120
g001637.zip,120
g001634.zip,120
g001615.zip,456.07043391094106
g001612.zip,590.0027854071138
g001595.zip,120
g001592.zip,188.79981199422943
g001574.zip,120
g001571.zip,1200
g001552.zip,377.6006886094642
g001549.zip,120
g001532.zip,1179.9970977439123
g001528.zip,120
g001511.zip,120
g001841.zip,1200
g001840.zip,188.79981199422943
g001820.zip,120
g001819.zip,427.1594052289314
g001800.zip,462.5604531469374
g001799.zip,733.9620012921025
g001780.zip,147.4998646153808
g001779.zip,590.0027854071138
g001758.zip,679.0924388054361
g001757.zip,120
g001738.zip,188.79981199422943
g002241.zip,1200
g002231.zip,1200
g002219.zip,1200
g002210.zip,295.0005609659869
g002199.zip,144.55025866599118
g002190.zip,362.84917712733795
g002179.zip,295.0005609659869
g002170.zip,120
g002159.zip,143.36979306841488
g001737.zip,561.6827888653097
g001718.zip,188.79981199422943
g001717.zip,120
g001698.zip,454.29976610473676
g001697.zip,412.99986162709695
g001678.zip,1200
g001677.zip,120
g001658.zip,382.31973377069096
g001656.zip,136.290312033342
g001636.zip,1017.1575067164196
g002149.zip,1200
g002138.zip,120
g002129.zip,120
g002118.zip,120
g001635.zip,834.8459843165922
g001614.zip,234.81952911958035
g001613.zip,120
g001594.zip,708.0022402740717
g001066.zip,1200
g001051.zip,120
g001046.zip,120
g001031.zip,590.0027854071138
g001026.zip,120
g001011.zip,120
g001006.zip,590.0027854071138
g000991.zip,265.5006417768367
g002928.zip,1200
g002912.zip,970.5542090908791
g002907.zip,1200
g002892.zip,120
g002887.zip,188.79981199422943
g002872.zip,120
g002867.zip,120
g002375.zip,1200
g002368.zip,377.6006886094642
g002354.zip,120
g002347.zip,120
g001508.zip,1200
g001490.zip,1128.0855348124899
g001487.zip,120
g002332.zip,1200
g002325.zip,120
g002311.zip,796.5001024040401
g002304.zip,1200
g002290.zip,122.1301473785894
g002283.zip,120
g001469.zip,1200
g001466.zip,120
g001447.zip,160.47966840116098
g001444.zip,120
g001427.zip,120
g002270.zip,1200
g002263.zip,590.0027854071138
g002250.zip,1200
g002850.zip,1200
g002845.zip,1200
g002243.zip,377.6006886094642
g002830.zip,120
g002229.zip,354.00012205350527
g002825.zip,120
g001423.zip,590.0027854071138
g001405.zip,1200
g000986.zip,1200
g001401.zip,188.79981199422943
g001383.zip,359.9003753156638
g001379.zip,756.9727518819036
g001362.zip,137.4702125884875
g002809.zip,356.35850402708945
g001359.zip,590.0027854071138
g002804.zip,1200
g001342.zip,120
g002788.zip,120
g002783.zip,120
g002768.zip,120
g001339.zip,546.3376864483049
g002762.zip,737.5008626569484
g001322.zip,323.91050481104116
g001319.zip,351.63976543321877
g001300.zip,575.2514548103279
g000971.zip,1200
g000966.zip,377.6006886094642
g000951.zip,737.5008626569484
g000946.zip,120
g000930.zip,1200
g000925.zip,181.72003943804634
g000909.zip,569.9378147331071
g000904.zip,377.6006886094642
g000888.zip,120
g000883.zip,1200
g000867.zip,596.4928518132964
g002747.zip,1200
g000862.zip,295.0005609659869
g002742.zip,188.79981199422943
g002727.zip,120
g002721.zip,120
g001297.zip,1200
g002706.zip,154.5793038101774
g001280.zip,720.3932604127674
g001277.zip,590.0027854071138
g001260.zip,388.8086257525086
g000845.zip,1200
g001257.zip,120
g000840.zip,120
g000824.zip,120
g000819.zip,120
g000804.zip,457.24861483028036
g001238.zip,590.0027854071138
g000799.zip,120
g001235.zip,120
g000784.zip,474.94891834128487
g000779.zip,787.062182933166
g000763.zip,188.79981199422943
g000758.zip,120
g000743.zip,188.79981199422943
g000738.zip,1200
g000723.zip,120
g000718.zip,503.27022773391406
g000702.zip,120
g000696.zip,120
g000680.zip,188.79981199422943
g000674.zip,389.40006424303374
g000658.zip,120
g000653.zip,120
g000637.zip,120
g000632.zip,590.0027854071138
g000617.zip,429.5195497787954
g000612.zip,1200
g000596.zip,377.6006886094642
g000591.zip,530.9974706808149
g000576.zip,120
g000571.zip,491.46820998752173
g000556.zip,684.4032275692898
g000551.zip,120
g000533.zip,590.0027854071138
g000528.zip,235.99892688495603
g000513.zip,1179.9970977439123
g000508.zip,1200
g001218.zip,1200
g001215.zip,377.6006886094642
g001393.zip,1200
g001392.zip,377.6006886094642
g001371.zip,120
g001197.zip,1200
g001194.zip,120
g001176.zip,202.36990950704887
g002108.zip,1200
g001173.zip,156.94057930086927
g002097.zip,120
g001155.zip,295.0005609659869
g001151.zip,120
g001133.zip,365.21172646693947
g001130.zip,120
g001112.zip,120
g001109.zip,276.1204705316202
g001091.zip,395.3009042952391
g001088.zip,197.64989488480347
g001071.zip,202.36990950704887
g001067.zip,120
g001050.zip,120
g001047.zip,377.6006886094642
g001030.zip,120
g001027.zip,120
g000493.zip,1200
g000488.zip,120
g000472.zip,188.79981199422943
g001010.zip,1200
g001007.zip,120
g000990.zip,120
g000987.zip,120
g000970.zip,188.79981199422943
g000967.zip,1200
g000950.zip,1179.9970977439123
g000947.zip,549.8784522628652
g000929.zip,708.0022402740717
g000926.zip,120
g000908.zip,377.6006886094642
g000905.zip,120
g001370.zip,1200
g001351.zip,377.6006886094642
g001350.zip,1200
g001331.zip,317.4204570337755
g001330.zip,120
g001309.zip,188.79981199422943
g001308.zip,1200
g001289.zip,1179.9970977439123
g001288.zip,168.73969444253473
g001269.zip,1200
g001268.zip,120
g001249.zip,120
g001248.zip,737.5008626569484
g001227.zip,120
g001226.zip,590.0027854071138
g001206.zip,120
g001205.zip,120
g002701.zip,1200
g001185.zip,393.52998193082504
g001593.zip,1200
g001184.zip,120
g001573.zip,590.0027854071138
g001164.zip,347.5113262217677
g001572.zip,295.0005609659869
g001163.zip,1179.9970977439123
g001551.zip,473.180658730181
g001142.zip,184.6694108038898
g001550.zip,1200
g001141.zip,377.6006886094642
g001531.zip,120
g001530.zip,393.52998193082504
g002685.zip,664.3421201118672
g002680.zip,147.4998646153808
g001510.zip,615.9570628371085
g001122.zip,562.2672428291119
g001121.zip,120
g001509.zip,590.0027854071138
g001489.zip,235.99892688495603
g001100.zip,188.79981199422943
g001488.zip,120
g001099.zip,120
g001080.zip,120
g001468.zip,120.36000074091017
g002665.zip,590.0027854071138
g001079.zip,120
g001059.zip,188.79981199422943
g001467.zip,1200
g001446.zip,1200
g001445.zip,120
g001426.zip,120
g001394.zip,1200
g001391.zip,188.79981199422943
g001372.zip,637.2023448249558
g001369.zip,369.9312797258771
g001352.zip,367.571279591523
g001424.zip,512.1191218888943
g001349.zip,377.6006886094642
g001332.zip,188.79981199422943
g001404.zip,1200
g000887.zip,1200
g000884.zip,571.7073633420101
g001329.zip,1200
g000866.zip,377.6006886094642
g000863.zip,377.6006886094642
g000844.zip,120
g000841.zip,120
g000823.zip,120
g000820.zip,120
g000803.zip,377.6006886094642
g000800.zip,120
g000783.zip,523.919086812338
g000780.zip,120
g000762.zip,147.4998646153808
g001310.zip,1200
g000759.zip,377.6006886094642
g000742.zip,120
g001307.zip,463.1482781122784
g000739.zip,826.002052114182
g000722.zip,120
g000719.zip,508.5824052515467
g000701.zip,295.59115248257154
g000697.zip,436.0109064883167
g000678.zip,147.4998646153808
g000675.zip,120
g001290.zip,1200
g001287.zip,590.0027854071138
g000657.zip,1200
g001568.zip,1200
g001554.zip,590.0027854071138
g001270.zip,1200
g001267.zip,120
g001250.zip,519.199009641351
g001246.zip,319.7812786621864
g001228.zip,1200
g001225.zip,1200
g001207.zip,120
g001204.zip,120
g001186.zip,120
g001183.zip,377.6006886094642
g001165.zip,444.85894656922807
g001162.zip,1200
g001402.zip,1200
g001381.zip,120
g001380.zip,471.9991845414428
g001361.zip,147.4998646153808
g001360.zip,120
g001341.zip,120
g001340.zip,377.6006886094642
g001321.zip,368.15986438113634
g002221.zip,1200
g002208.zip,587.6416115551962
g002201.zip,120
g002188.zip,120
g002181.zip,295.0005609659869
g001320.zip,919.8101204419743
g002168.zip,590.0027854071138
g001299.zip,231.87008999589193
g001298.zip,120
g001279.zip,1200
g001278.zip,295.0005609659869
g001259.zip,235.99892688495603
g001258.zip,188.79981199422943
g001237.zip,1200
g001236.zip,383.4990938328771
g001217.zip,512.7083976476847
g001216.zip,120
g001196.zip,120
g001195.zip,1179.9970977439123
g001175.zip,590.0027854071138
g001174.zip,1200
g001153.zip,188.79981199422943
g001152.zip,668.4671516366768
g001132.zip,424.7994851384211
g001131.zip,471.9991845414428
g001111.zip,120
g001110.zip,120
g001090.zip,120
g001089.zip,1074.9799163451632
g001070.zip,1200
g001069.zip,377.6006886094642
g001049.zip,120
g001048.zip,120
g001029.zip,553.4200282209758
g001028.zip,356.35850402708945
g001009.zip,1200
g001008.zip,471.9991845414428
g000989.zip,1200
g000988.zip,120
g001058.zip,1200
g001039.zip,214.75916938793978
g001038.zip,120
g001019.zip,120
g001018.zip,322.73038649458545
g000999.zip,120
g000654.zip,1200
g000636.zip,120
g000633.zip,792.3690519114493
g000616.zip,120
g000613.zip,233.639016084575
g000595.zip,377.6006886094642
g000592.zip,590.0027854071138
g000575.zip,377.6006886094642
g000572.zip,120
g000555.zip,120
g000552.zip,377.6006886094642
g000532.zip,120
g000529.zip,1200
g000512.zip,120
g000509.zip,494.42093916054046
g000492.zip,579.3792419660855
g002088.zip,1200
g002077.zip,319.1902301850746
g000489.zip,487.33767367783895
g000471.zip,120
g002068.zip,377.6006886094642
g000468.zip,535.7176543008504
g002660.zip,1200
g002644.zip,737.5008626569484
g002639.zip,604.1589091300192
g002624.zip,120
g002619.zip,120
g002602.zip,235.99892688495603
g002597.zip,120
g002582.zip,120
g002577.zip,120
g002561.zip,1200
g002556.zip,295.0005609659869
g002541.zip,512.1191218888943
g002536.zip,181.1304079799904
g002521.zip,120
g002516.zip,265.5006417768367
g002500.zip,120
g002494.zip,120
g002478.zip,1179.9970977439123
g002471.zip,1200
g002456.zip,190.56955726397268
g002450.zip,343.3798462580131
g002435.zip,457.24861483028036
g002430.zip,377.6006886094642
g002415.zip,433.64978351640747
g002409.zip,451.9390194085011
g002394.zip,120
g002389.zip,441.3186857622605
g002374.zip,1200
g002369.zip,295.0005609659869
g002353.zip,590.0027854071138
g002348.zip,377.6006886094642
g002331.zip,377.6006886094642
g002326.zip,1061.9979355969265
g000969.zip,1200
g000968.zip,120
g000949.zip,1200
g002310.zip,382.31973377069096
g002305.zip,120
g002289.zip,136.290312033342
g000467.zip,1200
g002284.zip,120
g002269.zip,295.0005609659869
g000452.zip,120
g002264.zip,377.6006886094642
g000948.zip,543.3899802992289
g000928.zip,377.6006886094642
g002249.zip,830.7237077459076
g002244.zip,377.6006886094642
g000927.zip,188.79981199422943
g002228.zip,120
g000907.zip,349.28117536969216
g002222.zip,377.6006886094642
g000906.zip,120
g000886.zip,120
g000447.zip,1200
g000885.zip,120
g000865.zip,295.0005609659869
g000432.zip,1200
g000427.zip,314.46955214288585
g000412.zip,120
g000406.zip,501.5018307369339
g000864.zip,759.9231106140323
g000843.zip,233.0509869918835
g000842.zip,147.4998646153808
g000822.zip,120
g000821.zip,120
g000388.zip,1200
g000383.zip,1200
g000366.zip,503.27022773391406
g000361.zip,230.10075032886175
g000346.zip,366.3896035906071
g000802.zip,1200
g000801.zip,235.99892688495603
g000782.zip,188.79981199422943
g000781.zip,120
g000341.zip,395.3009042952391
g000761.zip,120
g000326.zip,147.4998646153808
g000760.zip,120
g000741.zip,660.2095323655498
g000321.zip,395.3009042952391
g000740.zip,345.1493624285137
g000306.zip,411.2318872372801
g000721.zip,850.7831327096882
g000301.zip,354.00012205350527
g000285.zip,350.4602385362485
g000280.zip,120
g000720.zip,120
g000265.zip,315.6510268439456
g000260.zip,377.6006886094642
g000700.zip,557.5472526826326
g000699.zip,120
g000677.zip,1200
g000676.zip,377.6006886094642
g000245.zip,578.788576429914
g000656.zip,120
g000239.zip,120
g000655.zip,120
g000635.zip,194.69948317722145
g000222.zip,1200
g000634.zip,188.79981199422943
g001651.zip,1200
g000217.zip,1082.650259306972
g000615.zip,590.0027854071138
g000202.zip,120
g000614.zip,519.199009641351
g000197.zip,120
g000182.zip,120
g000594.zip,147.4998646153808
g000176.zip,188.79981199422943
g001641.zip,405.92047170637113
g000161.zip,120
g001629.zip,377.6006886094642
g000156.zip,590.0027854071138
g000593.zip,300.8997816314211
g001619.zip,377.6006886094642
g000140.zip,124.49023236378137
g000574.zip,120
g001608.zip,410.6401394802976
g000135.zip,120
g000119.zip,120
g000573.zip,400.60954828896547
g000554.zip,841.3411770571549
g001599.zip,418.3118713005313
g001143.zip,1200
g001588.zip,235.99892688495603
g001578.zip,120
g001566.zip,1173.5131932964198
g000553.zip,1200
g001140.zip,120
g001556.zip,120
g000113.zip,1200
g000531.zip,257.82917620982005
g000530.zip,471.9991845414428
g000098.zip,332.7585852745132
g000511.zip,120
g000510.zip,1200
g001545.zip,424.7994851384211
g000491.zip,1200
g001536.zip,120
g000490.zip,351.04950658355347
g001123.zip,1200
g001120.zip,188.79981199422943
g000093.zip,969.9623515582336
g000077.zip,353.40943521047046
g000072.zip,120
g000056.zip,120
g000051.zip,120
g000036.zip,120
g002207.zip,1200
g002202.zip,1200
g002187.zip,120
g002182.zip,235.99892688495603
g002167.zip,120
g001547.zip,1200
g002162.zip,295.0005609659869
g001534.zip,120
g002146.zip,147.4998646153808
g002141.zip,120
g002126.zip,377.6006886094642
g001524.zip,1200
g002121.zip,120
g001526.zip,1200
g001513.zip,471.9991845414428
g001506.zip,120
g001492.zip,295.0005609659869
g001485.zip,377.6006886094642
g001471.zip,450.76099655640064
g001464.zip,497.95875779254663
g001450.zip,408.87000033122433
g001442.zip,590.0027854071138
g001429.zip,120
g001421.zip,265.5006417768367
g002161.zip,1200
g002105.zip,853.7319408451096
g001407.zip,120
g002147.zip,1200
g001399.zip,871.4314966549648
g002100.zip,120
g002140.zip,481.4379033506458
g002085.zip,493.2406840825761
g002080.zip,1179.9970977439123
g002127.zip,518.6074600177104
g002065.zip,377.6006886094642
g002120.zip,423.6201825598304
g002060.zip,120
g002044.zip,806.5269055729691
g001385.zip,1142.2408363067173
g001377.zip,188.79981199422943
g001364.zip,120
g002039.zip,1179.9970977439123
g001357.zip,358.71824874537134
g002023.zip,120
g002018.zip,1179.9970977439123
g002001.zip,379.960484029698
g001994.zip,377.6006886094642
g001979.zip,120
g001344.zip,590.0027854071138
g001337.zip,1200
g001324.zip,944.001030633451
g001316.zip,880.2775521527284
g001302.zip,120
g001295.zip,120
g001282.zip,120
g001275.zip,1005.356272746042
g001262.zip,493.8279898742735
g001101.zip,1200
g001098.zip,120
g001081.zip,120
g001078.zip,1200
g001060.zip,394.7083974300401
g001057.zip,377.6006886094642
g001040.zip,120
g001037.zip,1200
g001020.zip,1200
g001017.zip,120
g001000.zip,377.6006886094642
g000997.zip,147.4998646153808
g000980.zip,1200
g000977.zip,120
g000960.zip,1009.4866950439792
g000998.zip,1200
g000979.zip,379.36820777020785
g000978.zip,235.99892688495603
g000957.zip,1071.4383294535846
g000939.zip,590.0027854071138
g000936.zip,120
g002106.zip,1200
g002099.zip,1179.9970977439123
g002086.zip,538.0800053408038
g002079.zip,120
g000959.zip,1200
g000958.zip,1179.9970977439123
g000938.zip,590.0027854071138
g002066.zip,590.0027854071138
g000937.zip,120
g002059.zip,1200
g000918.zip,120
g000917.zip,120
g000896.zip,295.0005609659869
g000895.zip,120
g002045.zip,505.0398100334104
g002038.zip,120
g002024.zip,1200
g002017.zip,1200
g002002.zip,120
g001993.zip,120
g000875.zip,590.0027854071138
g001980.zip,120
g000874.zip,120
g000854.zip,120
g000853.zip,120
g000833.zip,1179.9970977439123
g000832.zip,302.0786028712963
g001972.zip,545.7479602564057
g000812.zip,380.54987944338774
g001959.zip,235.99892688495603
g000811.zip,429.5195497787954
g000792.zip,120
g000791.zip,120
g000772.zip,188.79981199422943
g002057.zip,1200
g002048.zip,917.4492434588085
g002036.zip,295.0005609659869
g002026.zip,1200
g002015.zip,450.76099655640064
g002005.zip,431.879778030446
g001515.zip,1200
g001503.zip,295.0005609659869
g001952.zip,1200
g001494.zip,1200
g001482.zip,383.4990938328771
g001473.zip,377.6006886094642
g001462.zip,495.59906240629135
g001452.zip,120
g001440.zip,120
g001431.zip,590.0027854071138
g001419.zip,120
g001409.zip,120
g001397.zip,120
g001974.zip,1200
g001958.zip,120
g001953.zip,377.6006886094642
g001936.zip,1200
g001931.zip,120
g000919.zip,1200
g001915.zip,1200
g000916.zip,377.6006886094642
g001910.zip,189.38978729052576
g000897.zip,120
g001894.zip,354.00012205350527
g000894.zip,397.07185446229846
g000876.zip,154.5793038101774
g001889.zip,342.20064896906825
g000873.zip,1200
g001255.zip,1200
g000855.zip,354.00012205350527
g001240.zip,377.6006886094642
g001873.zip,235.99892688495603
g001233.zip,120
g001868.zip,120
g001220.zip,377.6006886094642
g000451.zip,1200
g000448.zip,188.79981199422943
g000852.zip,1200
g000834.zip,120
g000431.zip,330.98970028117844
g000428.zip,120
g001213.zip,526.8718014366788
g000411.zip,120
g001199.zip,120
g000407.zip,188.79981199422943
g001191.zip,120
g000387.zip,120
g001178.zip,377.6006886094642
g000384.zip,120
g001171.zip,377.6006886094642
g000365.zip,120
g001157.zip,120
g001148.zip,1200
g001135.zip,391.1680479938664
g000362.zip,325.68063628909727
g001128.zip,120.36000074091017
g000345.zip,120
g000342.zip,1073.7980885616323
g001114.zip,512.7083976476847
g000325.zip,120
g001106.zip,120
g001093.zip,120
g000322.zip,120
g001086.zip,1200
g001073.zip,235.99892688495603
g001065.zip,235.99892688495603
g001937.zip,1200
g001052.zip,138.05984601380166
g001045.zip,1080.2926524668292
g001930.zip,120
g001991.zip,1200
g001982.zip,377.6006886094642
g001032.zip,371.7000671343864
g001916.zip,570.5308583896777
g001970.zip,120
g001025.zip,295.0005609659869
g001909.zip,1200
g001961.zip,343.3798462580131
g001012.zip,295.0005609659869
g001895.zip,1200
g001950.zip,120
g001005.zip,120
g001888.zip,919.8101204419743
g001939.zip,120
g001874.zip,120
g001928.zip,1200
g001918.zip,458.4298393809873
g001907.zip,120
g001897.zip,1200
g001886.zip,1200
g000992.zip,1200
g001876.zip,120
g000985.zip,1019.520051624415
g001865.zip,1200
g001856.zip,377.6006886094642
g000972.zip,700.3269223297738
g001845.zip,120
g001836.zip,120
g000965.zip,553.4200282209758
g001824.zip,365.8001909333333
g000952.zip,181.1304079799904
g000944.zip,120
g000305.zip,1200
g000302.zip,187.0296682320264
g000284.zip,458.4298393809873
g000931.zip,484.9798084056916
g000924.zip,176.99956198639438
g000910.zip,120
g000903.zip,120
g000889.zip,120
g000882.zip,120
g000868.zip,151.0403859863001
g000861.zip,143.96025548701732
g000846.zip,1179.9970977439123
g000839.zip,322.73038649458545
g000281.zip,1200
g000825.zip,265.5006417768367
g000264.zip,590.0027854071138
g000818.zip,648.412623210454
g001867.zip,1158.170933165207
g000261.zip,377.6006886094642
g001854.zip,120
g000244.zip,120
g000805.zip,559.9106726707194
g000241.zip,120
g001847.zip,480.8509072489871
g000798.zip,132.74994660737397
g000221.zip,826.002052114182
g000785.zip,1200
g001834.zip,120
g000778.zip,120
g001826.zip,120
g000218.zip,1179.9970977439123
g000201.zip,1200
g001813.zip,502.6817458964713
g001806.zip,430.1083948287511
g001793.zip,377.6006886094642
g001786.zip,590.0027854071138
g001772.zip,120
g001764.zip,151.0403859863001
g001751.zip,377.6006886094642
g001744.zip,424.7994851384211
g001731.zip,590.0027854071138
g001724.zip,120
g001711.zip,431.879778030446
g001704.zip,147.4998646153808
g000764.zip,1200
g001691.zip,120
g000757.zip,120
g000744.zip,120
g000737.zip,120
g000724.zip,120
g000717.zip,121.54046564620636
g000703.zip,120
g000695.zip,1200
g000681.zip,120
g000673.zip,377.6006886094642
g000659.zip,321.5513522288772
g000652.zip,120
g000638.zip,1200
g000631.zip,188.79981199422943
g000618.zip,120
g000611.zip,120
g000597.zip,1200
g000470.zip,1200
g000590.zip,253.11077985133107
g000577.zip,250.75020839228898
g000570.zip,120
g000557.zip,455.4779275594297
g000550.zip,120
g000534.zip,320.3702178728392
g000527.zip,120
g000514.zip,1179.9970977439123
g000507.zip,120
g000494.zip,120
g000487.zip,377.6006886094642
g000831.zip,1200
g000473.zip,377.6006886094642
g000813.zip,122.1301473785894
g000466.zip,120
g000810.zip,590.0027854071138
g000793.zip,188.79981199422943
g000790.zip,127.44020292489157
g000773.zip,120
g000770.zip,1200
g000752.zip,1200
g000453.zip,581.742120677328
g000749.zip,430.6980471492798
g000446.zip,120
g000732.zip,1200
g000433.zip,120
g000729.zip,120
g000426.zip,137.4702125884875
g000712.zip,377.6006886094642
g000709.zip,707.4077681055071
g000690.zip,188.79981199422943
g000687.zip,578.788576429914
g000668.zip,377.6006886094642
g001684.zip,1200
g001671.zip,429.5195497787954
g000664.zip,377.6006886094642
g001664.zip,141.6001524548561
g001650.zip,1200
g001642.zip,1200
g001627.zip,737.5008626569484
g001620.zip,1200
g001607.zip,1200
g001600.zip,183.48946564501043
g001587.zip,1200
g001579.zip,482.61887231009956
g001565.zip,479.0798370353709
g001557.zip,377.6006886094642
g001544.zip,759.3306016962715
g001537.zip,395.3009042952391
g001523.zip,377.6006886094642
g001516.zip,708.0022402740717
g001502.zip,944.001030633451
g001495.zip,120
g001481.zip,120
g001474.zip,377.6006886094642
g001461.zip,372.8802259105881
g001453.zip,1179.9970977439123
g001439.zip,120
g001815.zip,1200
g001804.zip,1200
g000198.zip,1200
g001795.zip,139.82998026507605
g000180.zip,1200
g001784.zip,120
g001432.zip,590.0027854071138
g000177.zip,733.9620012921025
g001417.zip,491.46820998752173
g001410.zip,1179.9970977439123
g001396.zip,479.0798370353709
g001774.zip,295.0005609659869
g001389.zip,377.6006886094642
g000160.zip,396.4806579499275
g001374.zip,354.00012205350527
g000157.zip,120
g001367.zip,312.11048943309004
g000139.zip,451.9390194085011
g000136.zip,120
g000413.zip,1200
g000404.zip,571.7073633420101
g000390.zip,295.0005609659869
g000382.zip,120
g000367.zip,351.04950658355347
g000360.zip,120
g001762.zip,902.6972789174249
g000347.zip,164.01981733256346
g001753.zip,120
g000340.zip,124.49023236378137
g001742.zip,120
g000327.zip,188.79981199422943
g000320.zip,120
g000307.zip,120
g001733.zip,377.6006886094642
g000300.zip,120
g001722.zip,1200
g001713.zip,576.4319298662095
g001702.zip,295.0005609659869
g000646.zip,1200
g000643.zip,590.0027854071138
g000626.zip,377.6006886094642
g000623.zip,295.0005609659869
g000605.zip,377.6006886094642
g000602.zip,120
g000585.zip,120
g000582.zip,120
g000565.zip,120
g001693.zip,1200
g001682.zip,473.7677666787065
g001388.zip,1200
g001673.zip,393.52998193082504
g001375.zip,590.0027854071138
g001366.zip,429.5195497787954
g000562.zip,555.1882569363294
g001355.zip,358.13043295812355
g000545.zip,1179.9970977439123
g001346.zip,120
g000541.zip,120
g001335.zip,247.79883254820697
g001326.zip,120
g000522.zip,120
g000519.zip,120
g001313.zip,377.6006886094642
g001304.zip,295.0005609659869
g000502.zip,546.3376864483049
g000499.zip,265.5006417768367
g000481.zip,147.4998646153808
g000478.zip,120
g001293.zip,808.3032179924453
g001284.zip,120
g001662.zip,1200
g001273.zip,363.44110357505315
g001652.zip,120
g001264.zip,120
g001640.zip,590.0027854071138
g001253.zip,1200
g001630.zip,120
g001243.zip,377.6006886094642
g001618.zip,1200
g001609.zip,590.0027854071138
g001598.zip,708.0022402740717
g001589.zip,120
g001577.zip,120
g001567.zip,120
g001555.zip,212.99043485512365
g001546.zip,1200
g001535.zip,1110.968301709061
g001525.zip,377.6006886094642
g000031.zip,1200
g000016.zip,377.6006886094642
g000011.zip,942.8217665387679
be500.5.zip,295.59115248257154
be500.1.zip,295.59115248257154
be2500.5.zip,1200
be2500.1.zip,1200
g000771.zip,1200
be1000.5.zip,590.5871773909691
g000751.zip,120
g000750.zip,120
be1000.1.zip,590.5871773909691
G67.zip,1200
G62.zip,1200
g001231.zip,1200
g001222.zip,183.48946564501043
g001210.zip,120
g001354.zip,1200
g001347.zip,377.6006886094642
g001334.zip,120
g001327.zip,1200
g001312.zip,1200
g001305.zip,590.0027854071138
g001292.zip,120
g001285.zip,120
g001272.zip,120
g001265.zip,246.61964671099756
g001252.zip,120
g001244.zip,1200
g001230.zip,1200
g001223.zip,295.0005609659869
g001209.zip,120
g001202.zip,120
g001188.zip,1200
g001181.zip,495.0096502917919
g001167.zip,389.40006424303374
g001160.zip,516.24799367178
g001145.zip,235.99892688495603
g001138.zip,1200
g001125.zip,120
g001117.zip,1192.9771373519889
g001103.zip,120
g001096.zip,471.9991845414428
g001083.zip,1200
g001076.zip,590.0027854071138
g001062.zip,120
g001055.zip,120
g001042.zip,377.6006886094642
g001035.zip,120
g001022.zip,519.7912340160981
g001015.zip,120
g000461.zip,1200
g000458.zip,120
g000441.zip,529.2321899271541
g000438.zip,590.0027854071138
g000421.zip,1200
g000418.zip,188.79981199422943
g000399.zip,120
g000395.zip,120
g000376.zip,120
g000373.zip,1200
g000355.zip,590.0027854071138
g000352.zip,471.9991845414428
g000335.zip,202.36990950704887
g000332.zip,387.0396946472002
g000315.zip,590.0027854071138
g001853.zip,1200
g001848.zip,590.0027854071138
g001833.zip,1200
g001827.zip,120
g001812.zip,335.11952455850513
g001807.zip,120
g001792.zip,147.4998646153808
g001787.zip,377.6006886094642
g001514.zip,1200
g001504.zip,376.4206461839087
g001493.zip,120
g001484.zip,120
g001771.zip,188.79981199422943
g001472.zip,1200
g001765.zip,495.59906240629135
g001463.zip,120
g001750.zip,338.66020444247744
g001451.zip,377.6006886094642
g001441.zip,120
g001745.zip,355.77099732176697
g001430.zip,295.0005609659869
g001730.zip,168.73969444253473
g001725.zip,120
g001710.zip,377.6006886094642
g001420.zip,590.0027854071138
g001408.zip,887.9516185718518
g001398.zip,559.31748180439
g001386.zip,277.8905296542825
g000469.zip,1200
g000450.zip,590.0027854071138
g000449.zip,120
g000430.zip,377.6006886094642
g000429.zip,120
g000409.zip,388.8086257525086
g001376.zip,1142.8349559993292
g000408.zip,512.1191218888943
g000386.zip,120
g001365.zip,348.09911690631185
g001356.zip,478.4909310872219
g001002.zip,1200
g000995.zip,1200
g000982.zip,120
g000975.zip,1200
g000962.zip,120
g000955.zip,1200
g000941.zip,751.0687993724486
g000934.zip,359.9003753156638
g000921.zip,1200
g000914.zip,292.6411920056448
g000731.zip,1200
g000900.zip,120
g000892.zip,315.0613109799286
g000879.zip,120
g000871.zip,120
g000730.zip,377.6006886094642
g000711.zip,120
g000710.zip,120
g001705.zip,1200
g001690.zip,120
g001685.zip,295.0005609659869
g001670.zip,120
g001665.zip,120
g000857.zip,579.9705102884722
g001649.zip,120
g001643.zip,168.73969444253473
g000850.zip,120
g000836.zip,147.4998646153808
g001626.zip,1200
g001621.zip,120
g001606.zip,120
g001601.zip,1200
g001586.zip,1200
g001580.zip,377.6006886094642
g001564.zip,282.6098311657518
g001558.zip,194.69948317722145
g001543.zip,388.2180855656058
g001538.zip,438.37173388050473
g001522.zip,120
g001517.zip,359.9003753156638
g001501.zip,295.0005609659869
g000829.zip,1200
g001496.zip,377.6006886094642
g001480.zip,120
g001475.zip,235.99892688495603
g001460.zip,148.68013566886341
g001455.zip,120
g001438.zip,243.07918584148055
g001433.zip,120
g000815.zip,590.0027854071138
g001416.zip,579.9705102884722
g001411.zip,377.6006886094642
g001395.zip,188.79981199422943
g001390.zip,590.0027854071138
g001373.zip,1200
g001368.zip,127.44020292489157
g001353.zip,188.79981199422943
g001348.zip,372.8802259105881
g001333.zip,120
g001328.zip,266.0907079326739
g001311.zip,1200
g001306.zip,430.1083948287511
g001291.zip,120
g001286.zip,120
g001271.zip,1200
g001266.zip,120
g001251.zip,120
g001245.zip,377.6006886094642
g000118.zip,1200
g000115.zip,377.6006886094642
g000097.zip,120
g000094.zip,120
g000076.zip,298.540994352576
g000073.zip,420.66940247474264
g000055.zip,120
g000052.zip,1200
g000035.zip,120
g000032.zip,1165.8401418736273
g000808.zip,1200
g000795.zip,554.6000691785625
g000385.zip,1200
g000364.zip,120
g000363.zip,1179.9970977439123
g000344.zip,120
g000343.zip,528.048036568613
g000324.zip,120
g000323.zip,571.1188079158455
g000304.zip,120
g000303.zip,377.6006886094642
g000283.zip,1200
g000282.zip,403.56084036511857
g000263.zip,296.76994951950456
g000262.zip,1200
g000243.zip,562.2672428291119
g000242.zip,545.7479602564057
g000220.zip,336.30122385557024
g000287.zip,1200
g000279.zip,120
g000266.zip,120
g000259.zip,120
g000788.zip,1200
g000775.zip,1200
g000767.zip,1200
g000754.zip,120
g000747.zip,1200
g000734.zip,1200
g000727.zip,1200
g000714.zip,295.0005609659869
g000707.zip,590.0027854071138
g000692.zip,120
g000684.zip,295.0005609659869
g000670.zip,1179.9970977439123
g000662.zip,120
g000649.zip,1200
g000641.zip,120
g000628.zip,1200
g000621.zip,120
g000219.zip,1200
g000607.zip,590.0027854071138
g000600.zip,265.5006417768367
g000587.zip,120
g000200.zip,518.0217645681424
g000246.zip,1200
g000238.zip,120
g000223.zip,1200
g000216.zip,188.79981199422943
g000203.zip,120
g000199.zip,463.1482781122784
g000196.zip,120
g000183.zip,120
g000175.zip,120
g000179.zip,1200
g000162.zip,120
g000155.zip,120
g000141.zip,120
g000134.zip,120
g001229.zip,1200
g001224.zip,120
g001208.zip,120
g001203.zip,298.540994352576
g001187.zip,375.830129446336
g001182.zip,188.79981199422943
g001166.zip,292.05065344254496
g001161.zip,120
g000580.zip,1200
g000567.zip,302.0786028712963
g000560.zip,454.29976610473676
g000547.zip,395.8903416644284
g000539.zip,1200
g000524.zip,1200
g000517.zip,120
g000504.zip,147.4998646153808
g000497.zip,1200
g000483.zip,395.8903416644284
g000476.zip,1200
g000312.zip,1200
g000463.zip,377.6006886094642
g000295.zip,120
g000456.zip,120
g000443.zip,188.79981199422943
g000292.zip,125.08046596489258
g000436.zip,592.9483275909299
g000274.zip,471.9991845414428
g000271.zip,120
g000423.zip,120
g000416.zip,342.7897405588315
g000401.zip,120
g000393.zip,377.6006886094642
g000378.zip,835.438935438196
g000370.zip,329.8101737587626
g000357.zip,218.29934387015166
g000350.zip,737.5008626569484
g000337.zip,1200
g000330.zip,176.99956198639438
g000254.zip,590.0027854071138
g000317.zip,1200
g000251.zip,120
g000310.zip,120
g000233.zip,188.79981199422943
g000228.zip,1179.9970977439123
g000297.zip,590.0027854071138
g000290.zip,120
g000276.zip,782.3383017405678
g000269.zip,1200
g000256.zip,564.6280850871658
g000249.zip,1179.9970977439123
g000235.zip,342.20064896906825
g000226.zip,1200
g000213.zip,120
g000206.zip,120
g000193.zip,120
g000186.zip,120
g000172.zip,295.0005609659869
g000165.zip,120
g000152.zip,497.3715130009186
g000144.zip,302.0786028712963
g000131.zip,507.3987876972394
g000123.zip,346.32833075295815
g000109.zip,1200
g000102.zip,120
g001144.zip,1200
g000089.zip,1200
g000081.zip,506.81054634945406
g000068.zip,1200
g000061.zip,120
g000047.zip,188.79981199422943
g000040.zip,147.4998646153808
g000027.zip,1179.9970977439123
g000020.zip,393.52998193082504
g000007.zip,120
be500.9.zip,295.59115248257154
be50.6.zip,120
be2500.9.zip,1200
be250.6.zip,148.08956474461377
be1000.9.zip,590.5871773909691
be100.6.zip,120
G81.zip,1200
G58.zip,1200
g001201.zip,1200
g001189.zip,295.0005609659869
g001180.zip,377.6006886094642
g001168.zip,188.79981199422943
g001159.zip,1200
g001146.zip,1200
g001137.zip,737.5008626569484
g001126.zip,330.4010626575828
g001116.zip,356.35850402708945
g001104.zip,551.6519146212185
g001095.zip,120
g001084.zip,120
g001075.zip,1200
g001063.zip,339.2499861594992
g000178.zip,1200
g000159.zip,1200
g000158.zip,785.2932837793686
g000138.zip,120
g000137.zip,120
g000117.zip,1200
g000116.zip,120
g000096.zip,120
g000095.zip,377.6006886094642
g000075.zip,1200
g000074.zip,1200
g000054.zip,377.6006886094642
g001345.zip,1200
g000053.zip,120
g001336.zip,120
g001325.zip,1200
g000034.zip,476.1282534298327
g001314.zip,787.6527009869556
g000033.zip,120
g000014.zip,590.0027854071138
g000013.zip,120
be500.3.zip,295.59115248257154
be500.2.zip,295.59115248257154
g001303.zip,590.0027854071138
g001294.zip,235.99892688495603
be2500.3.zip,1200
g001283.zip,144.55025866599118
g001274.zip,120
be2500.2.zip,1200
be1000.3.zip,590.5871773909691
be1000.2.zip,590.5871773909691
g001263.zip,1200
G65.zip,1200
g001254.zip,120
G64.zip,1200
g001242.zip,1200
g001232.zip,472.589552425176
g001139.zip,1200
g001221.zip,120
g001212.zip,120
g001124.zip,295.0005609659869
g001118.zip,473.180658730181
g001102.zip,120
g001097.zip,1200
g000120.zip,1200
g000112.zip,604.1589091300192
g000099.zip,265.5006417768367
g001082.zip,1200
g000092.zip,188.79981199422943
g000078.zip,1200
g001200.zip,938.1006611597192
g000071.zip,1200
g001077.zip,377.6006886094642
g001190.zip,1200
g001179.zip,318.01140849834894
g001169.zip,377.6006886094642
g001158.zip,542.2121025015994
g001061.zip,1014.8004365594439
g001147.zip,188.79981199422943
g001056.zip,120
g001041.zip,578.1985130654301
g001036.zip,120
g001021.zip,120
g001016.zip,377.6006886094642
g001001.zip,325.68063628909727
g000996.zip,120
g000981.zip,120
g000976.zip,590.0027854071138
g000961.zip,377.6006886094642
g000956.zip,944.001030633451
g000940.zip,316.2386841057074
g000935.zip,120
g000920.zip,541.0313675868133
g000915.zip,436.59991870586674
g000899.zip,443.681630992933
g000893.zip,471.9991845414428
g000878.zip,371.1095336261927
g000872.zip,120
g000856.zip,471.9991845414428
g000851.zip,351.63976543321877
g000835.zip,120
g000830.zip,359.31062242969585
g000814.zip,547.5190512657214
g000057.zip,1200
g000050.zip,120
g000037.zip,422.4399294691509
g000030.zip,454.29976610473676
g000017.zip,590.0027854071138
g000010.zip,120
be500.6.zip,295.59115248257154
be50.9.zip,120
be2500.6.zip,1200
be250.9.zip,148.08956474461377
be1000.6.zip,590.5871773909691
be100.9.zip,120
G70.zip,1200
G61.zip,1200
g000015.zip,1200
g000012.zip,502.6817458964713
be500.4.zip,295.59115248257154
be500.10.zip,295.59115248257154
be2500.4.zip,1200
be2500.10.zip,1200
be1000.4.zip,590.5871773909691
be1000.10.zip,590.5871773909691
G66.zip,1200
G63.zip,1200
g000211.zip,1200
g000208.zip,120
g000191.zip,120
g001136.zip,1200
g000188.zip,1200
g000170.zip,446.62854691959603
g000167.zip,377.6006886094642
g000150.zip,120
g000146.zip,120
g000129.zip,377.6006886094642
g000125.zip,480.8509072489871
g000107.zip,1200
g001127.zip,1200
g000104.zip,377.6006886094642
g000087.zip,1200
g001115.zip,1200
g001105.zip,377.6006886094642
g001094.zip,120
g001085.zip,1200
g001074.zip,1200
g001064.zip,708.0022402740717
g001053.zip,590.0027854071138
g001044.zip,987.6587643893023
g001033.zip,377.6006886094642
g001024.zip,1200
g001013.zip,368.74939166020386
g001004.zip,1200
g000993.zip,120
g001054.zip,1200
g001043.zip,123.30947569133377
g001034.zip,590.0027854071138
g001023.zip,1168.7934517942974
g001014.zip,120
g001003.zip,377.6006886094642
g000994.zip,120
g000083.zip,1200
g000066.zip,265.5006417768367
g000063.zip,183.48946564501043
g000045.zip,377.6006886094642
g000042.zip,375.24053909263966
g000025.zip,120
g000022.zip,120
g000005.zip,377.6006886094642
g000002.zip,120
be50.4.zip,120
be50.10.zip,120
be250.4.zip,148.08956474461377
be250.10.zip,148.08956474461377
be100.4.zip,120
be100.10.zip,120
G56.zip,1200
g000984.zip,1200
g000973.zip,785.2932837793686
g000964.zip,120
g000953.zip,1179.9970977439123
g000943.zip,1200
g000932.zip,120
g000923.zip,120
g000912.zip,120
g000902.zip,910.9584235079062
g000890.zip,147.4998646153808
g000809.zip,1200
g000794.zip,1200
g000789.zip,120
g000774.zip,228.9210668559262
g000769.zip,188.79981199422943
g000753.zip,120
g000748.zip,120
g000733.zip,477.89797004449827
g000983.zip,1200
g000974.zip,377.6006886094642
g000963.zip,120
g000954.zip,1200
g000942.zip,302.0786028712963
g000933.zip,120
g000922.zip,377.6006886094642
g000913.zip,120
g000901.zip,1200
g000891.zip,120
g000880.zip,120
g000870.zip,1200
g000728.zip,1200
g000713.zip,120
g000708.zip,605.3381684069399
g000691.zip,120
g000686.zip,265.5006417768367
g000669.zip,1200
g000663.zip,173.460040357437
g000648.zip,253.11077985133107
g000642.zip,188.79981199422943
g000627.zip,120
g000622.zip,120
g000606.zip,120
g000601.zip,410.6401394802976
g000586.zip,1200
g000581.zip,120
g000689.zip,1200
g000688.zip,418.89791805736104
g000566.zip,1200
g000667.zip,476.1282534298327
g000666.zip,120
g000645.zip,502.6817458964713
g000561.zip,506.81054634945406
g000546.zip,763.4573469346565
g000540.zip,188.79981199422943
g000644.zip,1200
g000523.zip,120
g000518.zip,129.80031848385417
g000625.zip,1200
g000624.zip,1200
g000604.zip,120
g000603.zip,120
g000584.zip,295.0005609659869
g000583.zip,1200
g000564.zip,1200
g000563.zip,590.0027854071138
g000544.zip,120
g000543.zip,120
g000521.zip,372.29154033771823
g000520.zip,307.98074288480086
g000501.zip,120
g000500.zip,392.9401294578808
g000480.zip,120
g000479.zip,348.09911690631185
g000460.zip,120
g000459.zip,377.6006886094642
g000440.zip,120
g000503.zip,1200
g000498.zip,377.6006886094642
g000482.zip,1200
g000477.zip,120
g000462.zip,188.79981199422943
g000457.zip,120
g000442.zip,120
g000437.zip,120
g000422.zip,120
g000417.zip,176.99956198639438
g000400.zip,1200
g000394.zip,120
g000377.zip,1200
g000372.zip,120
g000356.zip,1200
g000351.zip,351.63976543321877
g000336.zip,290.87024024630205
g000331.zip,589.4071834234855
g000316.zip,120
g000311.zip,120
g000296.zip,377.6006886094642
g000291.zip,457.24861483028036
g000275.zip,377.6006886094642
g000270.zip,377.6006886094642
g000255.zip,1200
g000250.zip,302.0786028712963
g000859.zip,1200
g000849.zip,188.79981199422943
g000837.zip,120
g000827.zip,120
g000816.zip,377.6006886094642
g000807.zip,830.1341032477733
g000796.zip,397.6599558946144
g000787.zip,377.6006886094642
g000776.zip,120
g000766.zip,622.4524612280823
g000755.zip,389.98850249911607
g000746.zip,120
g000735.zip,120
g000726.zip,120
g000715.zip,392.35116110039365
g000706.zip,388.8086257525086
g000693.zip,120
g000439.zip,1200
g000234.zip,1200
g000227.zip,354.00012205350527
g000420.zip,1200
g000419.zip,120
g000398.zip,590.0027854071138
g000396.zip,383.4990938328771
g000375.zip,207.67975585193062
g000374.zip,120
g000354.zip,1200
g000353.zip,295.0005609659869
g000334.zip,283.20110337712106
g000333.zip,120
g000314.zip,120
g000313.zip,314.46955214288585
g000294.zip,120
g000293.zip,120
g000273.zip,120
g000272.zip,120
g000253.zip,120
g000252.zip,179.36041227625395
g000232.zip,590.0027854071138
g000230.zip,1200
g000210.zip,590.0027854071138
g000209.zip,120
g000190.zip,120
g000189.zip,413.59087390228706
g000169.zip,120
g000168.zip,400.02108487955394
g000149.zip,1200
g000148.zip,431.879778030446
g000128.zip,1200
g000126.zip,495.0096502917919
g000106.zip,1179.9970977439123
g000105.zip,1200
g000086.zip,395.8903416644284
g000084.zip,120
g000065.zip,377.6006886094642
g000064.zip,1200
g000044.zip,1200
g000043.zip,120
g000024.zip,120
g000023.zip,120
g000004.zip,120
g000003.zip,590.0027854071138
be50.3.zip,120
be50.2.zip,120
be250.3.zip,148.08956474461377
be250.2.zip,148.08956474461377
be100.3.zip,120
be100.2.zip,120
G55.zip,1200
g000881.zip,1200
g000869.zip,377.6006886094642
g000860.zip,120
g000847.zip,188.79981199422943
g000838.zip,120
g000826.zip,128.03033882666332
g000817.zip,120
g000806.zip,1200
g000797.zip,1200
g000786.zip,408.87000033122433
g000777.zip,1200
g000765.zip,120
g000756.zip,120
g000745.zip,471.9991845414428
g000683.zip,1200
g000671.zip,120
g000661.zip,549.2903969846234
g000212.zip,1200
g000650.zip,120
g000207.zip,1179.9970977439123
g000640.zip,120
g000192.zip,120
g000629.zip,120
g000620.zip,120
g000187.zip,348.691388693433
g000171.zip,377.6006886094642
g000166.zip,200.0099785228372
g000609.zip,528.6397816849776
g000151.zip,200.0099785228372
g000599.zip,1200
g000145.zip,120
g000588.zip,120
g000130.zip,120
g000579.zip,188.79981199422943
g000124.zip,120
g000568.zip,120
g000559.zip,1200
g000548.zip,120
g000538.zip,120
g000525.zip,377.6006886094642
g000516.zip,1179.9970977439123
g000505.zip,120
g000496.zip,120
g000484.zip,402.3801376769713
g000475.zip,316.8306037173314
g000464.zip,120
g000455.zip,120
g000444.zip,338.66020444247744
g000435.zip,247.79883254820697
g000424.zip,515.0722890587824
g000415.zip,1200
g000402.zip,120
g000392.zip,1200
g000379.zip,389.40006424303374
g000369.zip,149.85936054596635
g000358.zip,356.95055040631564
g000349.zip,377.6006886094642
g000338.zip,120
g000329.zip,120
g000318.zip,377.6006886094642
g000309.zip,120
g000736.zip,1200
g000725.zip,300.8997816314211
g000716.zip,590.0027854071138
g000705.zip,265.5006417768367
g000694.zip,320.9602417292075
g000682.zip,377.6006886094642
g000672.zip,1179.9970977439123
g000660.zip,188.79981199422943
g000651.zip,120
g000639.zip,377.6006886094642
g000630.zip,943.4064972818219
g000619.zip,120
g000610.zip,564.6280850871658
g000598.zip,470.22779989762427
g000589.zip,471.9991845414428
g000578.zip,120
g000569.zip,925.1235146204905
g000558.zip,120
g000549.zip,120
g000536.zip,414.17859012298925
g000526.zip,188.79981199422943
g000515.zip,590.0027854071138
g000506.zip,1191.7966744115804
g000298.zip,1200
g000289.zip,235.99892688495603
g000277.zip,377.6006886094642
g000268.zip,442.4985811125923
g000495.zip,1200
g000486.zip,1200
g000474.zip,1200
g000465.zip,120
g000454.zip,120
g000445.zip,1200
g000434.zip,510.3502516373776
g000425.zip,188.79981199422943
g000414.zip,120
g000403.zip,471.9991845414428
g000391.zip,120
g000380.zip,420.0808773749735
g000368.zip,120
g000359.zip,120
g000348.zip,377.6006886094642
g000339.zip,590.0027854071138
g000328.zip,440.1419365305768
g000319.zip,761.1019047649465
g000308.zip,120
g000299.zip,377.6006886094642
g000288.zip,120
g000278.zip,1200
g000267.zip,302.0786028712963
g000258.zip,394.1207198463946
g000247.zip,120
g000237.zip,175.81938700368843
g000224.zip,120
g000215.zip,427.7492921364986
g000204.zip,533.3603411413377
g000195.zip,795.3221541492056
g000108.zip,1200
g000103.zip,1200
g000088.zip,188.79981199422943
g000082.zip,120
g000067.zip,345.1493624285137
g000062.zip,1064.358189926902
g000046.zip,454.29976610473676
g000041.zip,423.6201825598304
g000026.zip,515.6598062895031
g000021.zip,507.9877118009106
g000006.zip,1200
g000257.zip,1200
g000248.zip,120
g000236.zip,120
g000225.zip,120
g000214.zip,327.4506176543126
g000205.zip,120
g000194.zip,201.77985127556235
g000184.zip,1200
g000185.zip,120
g000174.zip,295.0005609659869
g000173.zip,369.9312797258771
g000163.zip,120
g000164.zip,120
g000154.zip,120
g000153.zip,1200
g000142.zip,120
g000133.zip,120
g000121.zip,1200
g000111.zip,120
g000100.zip,737.5008626569484
g000091.zip,1200
g000143.zip,1200
g000132.zip,471.9991845414428
g000122.zip,120
g000110.zip,325.68063628909727
g000101.zip,1200
g000090.zip,590.0027854071138
g000080.zip,235.99892688495603
g000069.zip,359.31062242969585
g000060.zip,364.62056244221066
g000048.zip,377.6006886094642
g000039.zip,1200
g000028.zip,120
g000019.zip,362.2582147338153
g000008.zip,1179.9970977439123
be500.8.zip,295.59115248257154
be50.7.zip,120
be2500.8.zip,1200
be250.7.zip,148.08956474461377
be1000.8.zip,590.5871773909691
be100.7.zip,120
G77.zip,1200
G59.zip,1200
g000001.zip,1200
be50.5.zip,120
be50.1.zip,120
be250.5.zip,148.08956474461377
be250.1.zip,148.08956474461377
be100.5.zip,120
be100.1.zip,120
G57.zip,1200
g000079.zip,1200
g000070.zip,590.0027854071138
g000059.zip,120
g000049.zip,1200
g000038.zip,120
g000029.zip,377.6006886094642
g000018.zip,377.6006886094642
g000009.zip,475.5382202917281
be500.7.zip,295.59115248257154
be50.8.zip,120
be2500.7.zip,1200
be250.8.zip,148.08956474461377
be1000.7.zip,590.5871773909691
be100.8.zip,120
G72.zip,1200
G60.zip,1200
